L-AccX,L-AccY,L-AccZ,L-GyrX,L-GyrY,L-GyrZ,R-AccX,R-AccY,R-AccZ,R-GyrX,R-GyrY,R-GyrZ,timestamp,user
-0.0075,-0.00375,0.10125,-0.0151375,-0.01915,-0.00232,0.03375,-0.00125,0.1175,-0.0108025,0.0010825,0.008255,1742089195.648082,user_1
0.00125,0.0325,0.15875,-0.0150150005,-0.00673,-0.0096125,0.03875,-0.035,0.11,-0.006835,0.007065,0.0020599999,1742089195.7576692,user_1
-0.01125,-0.00125,0.12875,0.002105,-0.007935,-0.00026,0.045,-0.02,0.1075,-0.0047150003,0.00142,0.0016775,1742089195.875794,user_1
-0.00875,0.02875,0.135,0.002045,0.0019675,0.0016925,0.04625,-0.01875,0.11,-0.00148,0.0007025,0.0006875,1742089195.988221,user_1
-0.01125,0.01125,0.15625,0.0139775,-0.0018300001,0.000305,0.05125,-0.01875,0.1075,0.00055,0.00058,0.0010075001,1742089196.098455,user_1
-0.015,0.0175,0.17875,0.029662501,0.0404825,0.0055225003,0.04875,-0.0175,0.10125,0.0030975002,-0.0034325,0.0024725,1742089196.212367,user_1
0.03375,0.0175,0.0175,0.01181,-0.00029,-0.0068200002,-0.0025,-0.03625,0.24375,-0.0044400003,-0.0007625,0.00154,1742089196.327895,user_1
0.00875,0.00375,0.10875,-0.015717499,-0.015,0.0027,0.02875,0.0075,0.115,-0.0036175,-0.0012050001,0.0027925,1742089196.447814,user_1
0.0025,0.025,0.145,-0.0172275,-0.018492501,-0.0092175,0.0425,-0.025,0.11375,-0.002915,0.00267,-7.75e-05,1742089196.553705,user_1
-0.0175,0.00125,0.15125,0.0018775001,-0.01439,-0.0066525,0.04375,-0.00875,0.11375,-0.0033875,-0.00059500005,-0.0013125,1742089196.669169,user_1
-0.01625,0.00625,0.15125,0.0043175,0.0015875,0.002595,0.0425,-0.0125,0.11625,-0.00026,-0.00055,0.000245,1742089196.788175,user_1
-0.025,-0.01125,0.1825,0.028014999,0.0107125,0.0086825,0.04375,-0.01125,0.10375,0.0031575,-0.0018,0.0007175,1742089196.895344,user_1
0.09125,0.0375,-0.10125,-0.008025,0.00998,0.00116,0.03875,-0.02,0.0875,0.0037225,-0.019257499,-0.001755,1742089197.009403,user_1
0.00375,-0.035,0.095,-0.0096125,-0.0075225,-0.0006725,0.03375,-0.03875,0.08375,0.0016925,-0.0043175,0.00064,1742089197.127776,user_1
0.00125,0.0025,0.12375,-0.014495,-0.0083325,-0.0018925001,0.0325,-0.0175,0.12875,-0.0042725,0.0081625,-0.00048750002,1742089197.237577,user_1
-0.005,0.01125,0.13,-0.0142675,-0.0062725,-0.0018,0.04125,-0.005,0.11375,-0.0036,0.003525,-0.0003975,1742089197.351566,user_1
-0.01375,0.00875,0.15875,0.0077049998,-0.0021975,-0.00618,0.0425,-0.01,0.1125,-0.0013575,0.0003825,0.0,1742089197.467901,user_1
-0.00125,0.00375,0.1275,0.0034625002,-0.000535,-0.0002125,0.04375,-0.00875,0.115,0.00032,0.0001225,-0.00033500002,1742089197.5794592,user_1
-0.01375,0.0025,0.185,0.0214075,0.0007025,0.00058,0.0425,-0.00875,0.1125,0.0009775,0.00023,-0.0001975,1742089197.693312,user_1
-0.00375,-0.00125,0.125,0.0228125,0.033217497,0.0117175,0.04375,-0.0125,0.1,0.0024425,-0.0087425,-0.0006725,1742089197.8076138,user_1
0.00125,-0.05,0.08125,0.0068825004,-0.0119175,-0.0040749996,0.0475,-0.005,0.20625,0.0022574998,0.027602501,0.0029749998,1742089197.928159,user_1
0.0025,-0.00625,0.10375,-0.014985,-0.0125575,-0.0036775,0.03375,-0.005,0.12875,0.00091500004,-0.0018475,0.00061,1742089198.0345988,user_1
-0.0075,0.00875,0.13875,-0.02147,-0.009430001,-0.0105125,0.04125,-0.0075,0.1125,-0.000275,0.0016925,-0.0004125,1742089198.1485708,user_1
-0.0175,0.0075,0.14625,-0.0069724997,-0.0098875,-0.0037375,0.04,-0.0075,0.11625,9.25e-05,-0.0010675,-0.00079250004,1742089198.2731369,user_1
-0.015,0.02,0.14,0.00467,0.0020150002,0.0010225,0.03875,-0.00875,0.12125,0.0007475,0.00023,1.5e-05,1742089198.37634,user_1
-0.01625,0.0125,0.14625,0.010545,-0.0013125,0.0015575,0.03875,-0.0075,0.1175,0.000885,-0.0004125,0.000305,1742089198.489394,user_1
-0.02125,0.00125,0.18375,0.025222499,0.0198525,0.01204,0.04,-0.00875,0.11125,0.002335,-0.0020150002,9.25e-05,1742089198.607279,user_1
0.02875,0.05375,-0.09875,0.00055,-0.0024875,0.0130625,0.035,-0.0125,0.09875,0.001725,-0.015885001,-0.00087,1742089198.71638,user_1
0.00625,-0.02625,0.1025,-0.0113375,-0.0129700005,0.00045750002,0.0375,-0.01375,0.06125,-0.0077675,-0.0066225,0.0009625,1742089198.830536,user_1
0.00875,0.02625,0.11125,-0.022979999,-0.01204,-0.005875,0.02625,-0.02,0.13625,0.0001825,0.0022125002,-0.0013575,1742089198.947917,user_1
-0.01625,0.00875,0.13625,-0.0128625,-0.0121450005,-0.008712499,0.035,-0.01125,0.115,-0.0018150001,0.0018625,-0.000945,1742089199.05971,user_1
-0.02625,0.0325,0.16375,0.01709,-0.0028525,-0.002335,0.0325,-0.01375,0.11875,7.75e-05,-0.0015725,0.000365,1742089199.172523,user_1
-0.0175,0.0175,0.12,0.00171,0.002135,0.0019375,0.03125,-0.01375,0.12,0.00058,0.000565,0.000107500004,1742089199.287768,user_1
-0.04125,-0.01375,0.19125,0.0213775,0.0056775,0.0075825,0.0325,-0.0125,0.1175,0.001145,-0.000305,4.5e-05,1742089199.399453,user_1
0.0,0.0325,0.1225,0.0263825,0.042662498,0.0125575,0.0325,-0.01375,0.1125,0.0021975,-0.0042425,4.5e-05,1742089199.513377,user_1
0.005,-0.03125,0.1,0.0012975,-0.0199275,-0.0074625,0.0575,-0.0175,0.1375,0.004485,0.01825,0.0056,1742089199.627685,user_1
0.00625,0.00625,0.11625,-0.01712,-0.012055,-0.0042125,0.025,-0.01125,0.13625,0.00032,-0.00229,-0.002045,1742089199.747688,user_1
-0.0175,0.00125,0.13875,-0.008025,-0.0122975,-0.0099174995,0.03125,-0.00875,0.12125,-0.00113,0.0013125,-7.75e-05,1742089199.871669,user_1
-0.0225,0.00625,0.14,-0.002715,-0.002715,-0.002715,0.03125,-0.0125,0.115,-0.001145,-0.00023,-0.000245,1742089199.96971,user_1
-0.0175,0.01625,0.12125,0.000275,0.002045,0.000365,0.03,-0.0125,0.12125,-0.0001825,0.00091500004,-6e-05,1742089200.083461,user_1
-0.0175,0.01375,0.135,0.003815,0.00058,0.0009925,0.03125,-0.01125,0.11875,6e-05,-0.0001375,-0.000365,1742089200.197319,user_1
-0.025,-0.00625,0.16375,0.021317499,0.017760001,0.010024999,0.03125,-0.01125,0.11625,0.00113,-0.0020299999,-0.0001975,1742089200.311438,user_1
0.03875,0.02875,-0.03625,0.008865,-0.0004275,0.0057075,0.0325,-0.0175,0.11125,-0.0004725,-0.009385,0.000107500004,1742089200.427486,user_1
0.02,-0.02125,0.0975,-0.00882,0.0048975,0.0010225,0.03,-0.01875,0.095,-0.0049125,0.0010975,0.001525,1742089200.5393128,user_1
0.01625,-0.0025,0.10375,-0.0178225,-0.0081625,-0.004365,0.0275,-0.01625,0.1375,-0.0010375,0.0069575,-0.0007175,1742089200.6535392,user_1
-0.00625,-0.0025,0.13125,-0.0127575,-0.0089425,-0.0063175,0.03625,-0.005,0.115,-0.002885,0.00592,-0.0003975,1742089200.768239,user_1
-0.0175,0.0,0.1425,-0.0030675002,-0.006515,-0.00296,0.0375,-0.0075,0.1175,-0.0025325,0.003525,-0.000825,1742089200.888312,user_1
-0.0175,0.00125,0.13875,0.00319,-0.00087,-0.00154,0.0425,-0.005,0.11125,-0.0010525,0.00299,-0.000855,1742089200.995423,user_1
-0.0125,0.0075,0.1425,0.00554,0.000945,0.0007025,0.045,-0.00625,0.115,0.00026,-0.00052,-0.0003975,1742089201.109262,user_1
-0.025,-0.02,0.17125,0.02182,0.0068975003,0.0044549997,0.0425,-0.00625,0.1125,0.00154,-0.00142,-0.0001225,1742089201.2287529,user_1
0.0025,0.0025,0.1125,0.020095,0.03395,0.01181,0.04,-0.00875,0.1025,0.0039375,-0.009902501,0.0001825,1742089201.336247,user_1
0.00375,-0.05,0.09875,0.00389,-0.0041799997,-0.0043175,0.05375,-0.025,0.14875,0.003205,0.0129700005,0.0043800003,1742089201.449429,user_1
0.01625,0.00125,0.09375,-0.0198825,-0.0083775,-0.00091500004,0.0325,-0.01,0.12875,0.000107500004,-0.00055,-0.0003975,1742089201.571696,user_1
-0.005,0.01875,0.1325,-0.020049999,-0.01274,-0.007005,0.03375,-0.00625,0.12625,-0.0016025,0.0024875,0.0001375,1742089201.6776252,user_1
-0.01875,0.01875,0.1625,-0.005235,-0.009675,-0.0020899998,0.03875,-0.00625,0.1125,-0.0025025,0.001115,-0.0006725,1742089201.7915342,user_1
-0.015,0.00125,0.1225,0.0057975003,0.0028525,0.0024425,0.03875,-0.0075,0.11625,-7.75e-05,0.0003975,-6e-05,1742089201.907657,user_1
-0.0175,-0.00375,0.155,0.01213,0.0013875001,0.002135,0.03875,-0.0075,0.115,0.0013575,-0.00023,0.00029,1742089202.0193212,user_1
-0.00625,0.00125,0.14625,0.022355,0.0251925,0.01007,0.03875,-0.00875,0.1075,0.0036475,-0.005355,-0.00035,1742089202.1333911,user_1
0.025,-0.0025,0.0625,0.002105,0.00563,-0.0027474998,-0.015,-0.01625,0.24125,0.004105,-0.012115,-9.25e-05,1742089202.2474802,user_1
0.01625,-0.01125,0.09,-0.01033,-0.007355,-0.0007625,0.03,0.015,0.10375,-0.003585,0.0006725,0.0018625,1742089202.367427,user_1
0.00875,-0.0075,0.12375,-0.01767,-0.0061500003,-0.0020150002,0.0325,-0.01625,0.1225,-0.00087,0.0034025,3e-05,1742089202.475614,user_1
-0.00375,0.005,0.12875,-0.01291,-0.00792,-0.0036624998,0.04,-0.00875,0.1125,-0.00116,0.0018475,-0.0013725,1742089202.592643,user_1
-0.01,0.01375,0.15,-0.003525,-0.0027325,-0.0016475001,0.03875,-0.00875,0.12,9.25e-05,-0.0003975,-0.000365,1742089202.7071922,user_1
-0.015,0.00375,0.15125,0.0078275,0.00087,0.0010225,0.04,-0.0075,0.1175,0.00029,-0.0001375,-0.000655,1742089202.817353,user_1
-0.02,-0.015,0.18125,0.0299675,0.0136875,0.0098425,0.04,-0.0075,0.11125,0.001465,-0.0024425,0.0004125,1742089202.930342,user_1
0.02125,0.0175,0.02875,0.0023800002,-0.01468,0.0006725,0.03625,-0.01125,0.09875,0.0030975002,-0.014725001,0.0001525,1742089203.050963,user_1
0.0125,-0.02,0.07875,-0.0113825,-0.0033725,-0.000565,0.0325,0.01375,0.08,-0.007005,-0.0004725,0.0028074998,1742089203.158421,user_1
0.00375,-0.005,0.12375,-0.0207525,-0.0098875,-0.0040749996,0.03625,-0.02125,0.125,-0.00029,0.0043325,0.00016750001,1742089203.272418,user_1
-0.01125,0.0125,0.14375,-0.012695,-0.0083,-0.0027325,0.0425,-0.00375,0.115,-0.002625,0.000275,-0.00174,1742089203.3879511,user_1
-0.01625,0.01375,0.1425,-0.0033425,-0.004195,-0.00125,0.0425,-0.005,0.115,-0.0007775,-0.0004275,-0.000305,1742089203.500396,user_1
-0.0175,0.015,0.14,0.0036324998,3e-05,-0.00045750002,0.04125,-0.00625,0.115,-0.000275,1.5e-05,-0.000107500004,1742089203.614308,user_1
-0.025,0.00125,0.175,0.0240325,0.0095525,0.00647,0.04125,-0.005,0.1125,0.0013425,-0.0013425,-0.0001375,1742089203.728415,user_1
-0.00125,-0.0075,0.1275,0.020675,0.03209,0.009185,0.0375,-0.0075,0.10875,0.0036475,-0.0068975003,-0.0004125,1742089203.847807,user_1
0.00125,-0.0425,0.07875,0.008575,0.0039975,-0.0024725,0.05375,-0.02625,0.15875,0.0086525,0.0160675,0.0042425,1742089203.955235,user_1
0.0125,0.01,0.09125,-0.0261225,-0.0122825,-0.0024875,0.03375,-0.00875,0.13,-0.00142,-0.00148,-0.0011900001,1742089204.071392,user_1
-0.01,0.0225,0.1375,-0.015335,-0.0139475,-0.00714,0.04,-0.0075,0.11375,-0.00125,0.0021199998,0.00029,1742089204.187853,user_1
-0.03375,0.02875,0.2075,0.0127725,-0.0029749998,-0.0062100003,0.04,-0.01375,0.11375,-0.001235,-0.00026,-0.000245,1742089204.297431,user_1
-0.01375,0.015,0.11625,-0.0005025,0.0057525,0.000885,0.04,-0.01,0.11625,-9.25e-05,0.0010225,-0.000275,1742089204.411268,user_1
-0.02,0.0,0.1575,0.009675,0.0032650002,0.001525,0.03875,-0.0075,0.11875,0.00048750002,-0.0006875,-0.000245,1742089204.529498,user_1
-0.01375,-0.00625,0.15875,0.024705,0.0290525,0.010832501,0.04,-0.0075,0.105,0.0031125,-0.0030825,-0.0007175,1742089204.638287,user_1
0.0325,0.01125,0.04875,-0.0065300004,-0.00052,-0.0019525,0.02375,-0.025,0.15375,0.00357,-0.0117175,-0.0020299999,1742089204.754485,user_1
0.0175,0.0025,0.09,-0.01387,-0.013595,-0.0028375,0.035,0.0075,0.08875,-0.008195,-0.00331,0.00229,1742089204.866963,user_1
-0.00125,-0.0,0.1325,-0.01915,-0.0140675,-0.00409,0.035,-0.0175,0.1225,-0.00032,0.0031125,-1.5e-05,1742089204.988541,user_1
-0.00625,0.01,0.1425,-0.0107875,-0.0049125,-4.5e-05,0.04,-0.0125,0.11375,-0.0020299999,0.00064,-0.0009775,1742089205.094458,user_1
-0.00625,0.01625,0.13375,0.00032,0.0044699996,0.0012825,0.03875,-0.00875,0.12,0.000365,-0.0001525,-0.00023,1742089205.20816,user_1
-0.0075,0.00625,0.13,0.0039525,-0.00087,-0.0001825,0.03875,-0.01125,0.1175,0.0,-0.00052,-0.0003825,1742089205.3280158,user_1
-0.015,-0.0025,0.17375,0.019715,0.0056,0.003205,0.0375,-0.01125,0.11625,0.0009,-0.00125,-0.000365,1742089205.435429,user_1
0.01,0.00875,0.04125,0.01271,0.021485,0.00354,0.04,-0.02,0.09875,-7.75e-05,-0.0105275,-0.0004275,1742089205.553025,user_1
0.01,-0.04125,0.0875,-9.25e-05,0.01065,-0.000275,0.0425,-0.02375,0.10375,-0.002685,0.0024425,0.001405,1742089205.667853,user_1
0.00875,-0.01625,0.09875,-0.014557499,-0.011657501,-0.00264,0.0275,-0.02375,0.1325,0.000655,0.00171,-0.0018150001,1742089205.788138,user_1
-0.0025,-0.00125,0.135,-0.0134575,-0.013564999,-0.0038,0.03625,-0.00375,0.11625,-0.0019824998,0.0028675,-0.0007475,1742089205.891416,user_1
-0.01125,0.005,0.14875,-0.005065,-0.0062875,-0.002305,0.0375,-0.01,0.11625,-0.001495,0.0004425,-0.0006725,1742089206.0087569,user_1
-0.01125,0.01,0.13125,0.0006725,0.001235,-0.00174,0.0375,-0.00875,0.11875,-0.00058,0.00229,-0.0007025,1742089206.119325,user_1
-0.015,0.00375,0.1425,0.005265,0.0003825,0.00052,0.03875,-0.0075,0.11625,0.0004125,0.00023,-0.0007325,1742089206.2330172,user_1
-0.0125,-0.0125,0.175,0.02774,0.017424999,0.00792,0.04,-0.00875,0.11125,0.0016925,-0.0018625,-0.0003975,1742089206.3493278,user_1
0.045,0.01625,-0.065,0.00048750002,0.0019675,0.0061350004,0.03625,-0.00875,0.1075,-0.0018300001,-0.0172875,-0.00116,1742089206.4674182,user_1
0.0175,-0.0275,0.08125,-0.01143,-0.0016925,0.0013725,0.03875,-0.0175,0.08375,-0.00685,0.0033875,0.0023800002,1742089206.5741289,user_1
0.0075,-0.00875,0.10125,-0.02504,-0.0114899995,-0.0016025,0.03125,-0.01625,0.1325,-0.0018300001,0.0012675,-0.0016475001,1742089206.688166,user_1
-0.00625,0.00625,0.155,-0.0188,-0.01175,-0.0049274997,0.0375,-0.00125,0.12,-0.002305,0.0020899998,-0.00033500002,1742089206.807868,user_1
-0.01875,-0.0075,0.155,0.0022725,-0.0033725,-0.0010075001,0.04,-0.00625,0.11625,-0.0016775,0.000245,0.0001225,1742089206.9153569,user_1
-0.00875,0.00625,0.11625,0.0032950002,0.0027474998,0.00033500002,0.03875,-0.00625,0.11625,-0.0004425,0.0012825,0.00016750001,1742089207.029623,user_1
-0.01875,-0.005,0.16625,0.0113375,9.25e-05,0.0007775,0.04,-0.00375,0.115,-0.0001825,-0.0001225,-0.0010225,1742089207.148292,user_1
-0.01,-0.0075,0.15125,0.024092501,0.0289775,0.0066825,0.04,-0.005,0.11,0.0016775,-0.0028525,-0.0007475,1742089207.2561622,user_1
0.03375,-0.00125,0.045,-0.0118725,-0.0086675,-7.75e-05,0.0225,-0.015,0.1875,0.00882,0.00496,0.0018775001,1742089207.370362,user_1
0.0,-0.01,0.0925,-0.025315,-0.026014999,0.005965,0.03375,0.00375,0.1125,-0.0022125002,-0.00708,-0.00045750002,1742089207.487911,user_1
-0.00625,0.0075,0.1325,-0.0249025,-0.01265,-0.007995,0.035,-0.01,0.1225,0.0005025,0.0012675,6e-05,1742089207.598302,user_1
-0.025,0.01,0.14875,-0.0019225,-0.0065300004,-0.0081325,0.03875,-0.0125,0.11375,-0.0007625,-0.0009775,-0.00061,1742089207.7123468,user_1
-0.02625,0.005,0.13625,0.0056775,0.0049274997,0.00087,0.035,-0.00875,0.1225,0.00048750002,0.00029,0.00033500002,1742089207.827849,user_1
-0.01875,0.005,0.14125,0.0113225,0.0022574998,0.0030825,0.035,-0.0075,0.11625,0.000855,-0.00045750002,-0.00016750001,1742089207.9476008,user_1
-0.02625,-0.0025,0.19625,0.0360875,0.020979999,0.013245,0.03625,-0.00875,0.11625,0.001725,-0.0025625,-3e-05,1742089208.052162,user_1
0.0175,0.00625,-0.0,-0.032775,-0.0101025,0.0049125,0.02625,-0.03125,0.15625,0.0039525,-0.0072925,-7.75e-05,1742089208.1677608,user_1
-0.0,-0.06125,0.07875,-0.013305,-0.0313425,0.00331,0.03375,0.02625,0.0875,-0.0074299998,-0.0074,4.5e-05,1742089208.287234,user_1
-0.025,-0.0,0.15625,-0.017975,-0.01184,-0.0076599997,0.0325,-0.02125,0.13,0.0014500001,0.0016475001,0.0020899998,1742089208.394467,user_1
-0.0225,0.02875,0.15375,-0.0029749998,-0.01059,-0.0066225,0.035,-0.0175,0.1175,-0.002595,0.0003975,-0.0022574998,1742089208.5084438,user_1
-0.0225,0.0025,0.13125,0.01384,0.002135,9.25e-05,0.035,-0.00875,0.12125,-0.000625,0.00029,-0.000305,1742089208.628269,user_1
-0.02625,-0.01875,0.12875,0.002395,-0.00154,0.00029,0.03375,-0.00875,0.1175,0.000305,0.0005025,-0.0001825,1742089208.736247,user_1
-0.04,-0.02125,0.20875,0.026275,0.0299525,0.013564999,0.03375,-0.01125,0.11,0.002685,-0.0028225,0.000107500004,1742089208.850349,user_1
0.02125,0.0075,0.02,-0.030135,-0.00714,-0.00171,0.0325,-0.02375,0.125,0.0057975003,-0.0121,0.000535,1742089208.967861,user_1
0.00625,-0.02625,0.10625,-0.0075375,-0.0054625003,0.002655,0.02875,0.01125,0.08375,-0.0044549997,-0.007385,0.000825,1742089209.0782342,user_1
0.005,0.0025,0.12375,-0.019667499,-0.012665,-0.0061500003,0.02875,-0.0275,0.14,0.0018150001,0.0057825,-0.0001225,1742089209.192168,user_1
-0.01375,0.00875,0.13875,-0.0163575,-0.0101475,-0.0121,0.035,-0.01375,0.11625,-0.00328,0.00229,-0.0009625,1742089209.3076658,user_1
-0.0225,0.01125,0.14625,-0.0030825,-0.0022274998,-0.0013425,0.035,-0.01125,0.12,-0.00125,0.0007175,-0.0004275,1742089209.427659,user_1
-0.01125,0.02,0.1225,0.0016625,0.002595,0.0015875,0.035,-0.01125,0.1175,0.0,0.0008075,-0.00035,1742089209.534192,user_1
-0.02125,0.0,0.155,0.0127575,0.0021975,0.0032650002,0.03625,-0.01125,0.11625,0.0004425,0.00023,-0.000365,1742089209.650694,user_1
-0.01125,0.00875,0.16,0.0248875,0.02623,0.0121625,0.03625,-0.0125,0.10625,0.00348,-0.0037375,-0.00026,1742089209.768044,user_1
0.02625,0.00875,0.07,-0.0004725,-0.0022425,-0.0041799997,-0.0125,-0.03,0.255,0.0054475004,-0.00319,0.00035,1742089209.874222,user_1
0.0175,-0.01375,0.08625,-0.004685,0.0064075,0.001495,0.03375,0.015,0.10625,-0.0057375003,-0.0012675,0.0016625,1742089209.988301,user_1
0.0025,-0.00375,0.10625,-0.00911,-0.024139998,-0.0081325,0.0375,-0.0225,0.1275,-0.0019824998,0.0062875,-0.0001375,1742089210.1070578,user_1
-0.0225,-0.01,0.16625,-0.010545,-0.0160075,-0.0051125004,0.04375,-0.005,0.11375,-0.0038299998,0.0030675002,-0.0007325,1742089210.216466,user_1
-0.01375,0.00375,0.12875,0.0001225,0.0046375,-0.0003825,0.045,-0.005,0.11375,-0.001115,0.0010075001,0.000305,1742089210.330088,user_1
-0.015,0.00375,0.13,0.0040749996,-0.00058,0.0010375,0.045,-0.005,0.11375,9.25e-05,0.000535,-0.00035,1742089210.448137,user_1
-0.03,-0.02125,0.18125,0.0183875,0.0074775,0.0046375,0.04375,-0.00625,0.11,0.0013275,-0.001785,-0.00091500004,1742089210.558226,user_1
0.0075,0.00125,0.12,0.0195625,0.0405275,0.010085,0.04375,-0.01,0.10125,0.0044549997,-0.010024999,-0.001145,1742089210.672359,user_1
0.00375,-0.04625,0.075,0.0087275,0.006165,-0.0034625002,0.05375,-0.0275,0.115,0.0016325001,0.011795,0.0030525,1742089210.788127,user_1
0.00375,-0.0025,0.09625,-0.0187525,-0.017365,-0.0036175,0.035,-0.015,0.13625,-0.002625,0.00052,-0.0016025,1742089210.899381,user_1
-0.01125,-0.0075,0.1475,-0.0075225,-0.0095675,-0.0028675,0.0425,-0.00125,0.11375,-0.0027474998,0.00322,0.0,1742089211.013361,user_1
-0.01125,0.00125,0.13875,-0.0023800002,0.000655,-0.004135,0.04375,-0.005,0.1125,-0.0009625,7.75e-05,-0.000535,1742089211.128271,user_1
-0.01125,0.00375,0.12875,0.000825,9.25e-05,-0.00093,0.045,-0.00875,0.115,7.75e-05,0.0008075,-0.00061,1742089211.247725,user_1
-0.0225,-0.00875,0.165,0.01204,0.000885,0.00055,0.04375,-0.005,0.11625,0.00032,-0.0001225,-0.00087,1742089211.355222,user_1
-0.00625,-0.0025,0.155,0.023865,0.0231325,0.0095975,0.04625,-0.0075,0.1,0.00331,-0.005585,-0.0005025,1742089211.469103,user_1
0.0225,-0.02625,0.07,0.00319,0.0033425,-0.0058449996,-0.035,-0.02375,0.27375,0.0134725,0.0087275,0.0018300001,1742089211.583221,user_1
0.01375,-0.01,0.095,-0.00801,-0.0004275,-0.0031125,0.03625,0.01375,0.10875,-0.008909999,-0.007385,-0.0005025,1742089211.697228,user_1
0.00125,-0.00375,0.12375,-0.021117501,-0.017685,-0.00059500005,0.035,-0.01,0.1225,0.000565,0.007065,0.00087,1742089211.811475,user_1
-0.0175,-0.0075,0.1425,-0.0004425,-0.017915001,-0.0054925,0.04375,-0.0125,0.10625,-0.000825,-1.5e-05,-0.0009775,1742089211.927617,user_1
-0.025,-0.005,0.165,0.0027,0.0057225,0.0009,0.04,-0.00875,0.1225,7.75e-05,-0.0018625,0.00016750001,1742089212.039087,user_1
-0.01125,0.01375,0.1225,0.00052,0.0018475,-0.000275,0.04,-0.01,0.115,9.25e-05,0.00058,-1.5e-05,1742089212.152995,user_1
-0.0225,-0.01,0.1625,0.011245,0.0036,0.00116,0.04,-0.0075,0.115,0.00122,-0.00026,0.0001975,1742089212.2680728,user_1
-0.0075,-0.00125,0.1575,0.0354775,0.03212,0.0104075,0.04125,-0.01,0.10125,0.0039975,-0.00554,-0.00016750001,1742089212.387904,user_1
0.01375,-0.03625,0.06625,0.015305,-0.00122,-0.0033575,0.0575,-0.025,0.1775,0.0086675,0.03096,0.004105,1742089212.495178,user_1
0.00875,0.0075,0.095,-0.0125124995,-0.022217501,0.0015875,0.0275,0.0025,0.1275,-0.001465,-0.0113525,-0.0045925,1742089212.609041,user_1
-0.0125,0.00875,0.135,-0.013215,-0.01651,-0.007645,0.035,-0.00625,0.12,3e-05,0.0041199997,0.00079250004,1742089212.728374,user_1
-0.0325,-0.00625,0.145,-0.0086199995,-0.012252499,-0.0007475,0.03625,-0.01625,0.115,-0.00079250004,0.0004125,-0.000365,1742089212.837327,user_1
-0.0175,0.02,0.11,-0.0007775,0.00229,0.001115,0.0375,-0.01375,0.11875,-7.75e-05,0.00151,-0.0008075,1742089212.951324,user_1
-0.02625,-0.00125,0.1425,0.00377,-0.0007175,-0.0011900001,0.0375,-0.01,0.11875,0.000305,0.0001825,-6e-05,1742089213.071702,user_1
-0.0275,-0.00875,0.16625,0.020049999,0.01625,0.0104375,0.03875,-0.01125,0.11125,0.0016025,-0.0016175,0.000305,1742089213.1790369,user_1
0.02375,0.02125,0.01,0.008225,0.015275,0.0064250003,0.035,-0.01375,0.11,0.0031424998,-0.0062399996,6e-05,1742089213.2928178,user_1
0.00625,-0.0375,0.08,-0.0079499995,0.0043325,-0.0012675,0.04,-0.0175,0.0875,-0.002305,0.0010075001,0.00091500004,1742089213.407823,user_1
-0.00625,0.0075,0.075,-0.0202625,-0.03662,0.00035,0.03,-0.02875,0.14125,0.0001375,0.0003975,-0.0015725,1742089213.520308,user_1
-0.1625,-0.07375,0.375,-0.002655,0.0706175,-0.0001525,0.03625,-0.00375,0.11375,-0.002105,0.0025025,-0.0007625,1742089213.634248,user_1
-0.02375,0.00375,0.13,0.0021825,0.003555,-0.0016475001,0.03875,-0.0125,0.11125,-0.00058,-0.0010525,-0.0012050001,1742089213.748236,user_1
-0.02625,0.0075,0.13125,0.0048825,0.0040425,-0.0039525,0.035,-0.00875,0.11875,0.000535,0.001405,0.0001825,1742089213.866008,user_1
-0.03,-0.01625,0.1675,0.008575,0.0169525,0.0027,0.0375,-0.0125,0.11375,0.001405,-0.000305,-9.25e-05,1742089213.976064,user_1
0.0175,0.02125,-0.00875,0.0015725,0.022582501,-0.001405,0.035,-0.0175,0.09375,0.00322,-0.01349,-0.0004125,1742089214.09153,user_1
-0.00125,-0.045,0.0875,0.0037225,0.0072175004,-0.0021825,0.0475,-0.04375,0.095,-0.002715,0.0057075,0.0007625,1742089214.2074869,user_1
0.015,-0.00875,0.095,-0.0149225,-0.0104225,-0.002365,0.03,-0.01375,0.13,-0.0037525,0.0013425,-0.0025325,1742089214.318207,user_1
-0.00375,-0.0025,0.13875,-0.0176075,-0.006455,-0.002305,0.04,-0.0025,0.11375,-0.0021199998,0.00154,-0.0004275,1742089214.4323132,user_1
-0.00875,0.00125,0.135,-0.0069274995,-0.0048375,-0.001465,0.04125,-0.01,0.1125,0.0001825,-0.0003825,-0.00026,1742089214.549966,user_1
-0.00875,0.01,0.1375,-0.0001525,-0.00229,3e-05,0.04,-0.01125,0.11625,0.00061,0.000625,6e-05,1742089214.667307,user_1
-0.01125,0.00625,0.13125,0.00566,0.00116,-0.00032,0.04125,-0.00875,0.1175,0.00016750001,-1.5e-05,-0.0006875,1742089214.774039,user_1
-0.02875,-0.02125,0.195,0.0292675,0.019257499,0.0060425,0.04,-0.00625,0.1075,0.0013725,-0.002595,-0.0005025,1742089214.888115,user_1
0.03375,0.03375,0.0625,0.0004125,-0.0014500001,-0.005235,-0.0075,-0.01625,0.18625,0.004485,-0.0107275,-0.002885,1742089215.008016,user_1
0.0175,-0.00625,0.09125,-0.00972,-0.00091500004,0.000855,0.035,0.0225,0.095,-0.00525,-0.0021975,0.0028525,1742089215.116211,user_1
0.00125,-0.0125,0.1275,-0.01764,-0.0096424995,-0.0027774998,0.0375,-0.0175,0.1225,0.0013275,0.0092175,0.00148,1742089215.230299,user_1
-0.00625,0.00375,0.1325,-0.013215,-0.007995,-0.00061,0.0425,-0.00625,0.11,-0.0034949998,-0.00023,-0.00122,1742089215.347359,user_1
-0.01,0.01,0.13875,-0.0039675,-0.00064,-0.000365,0.04125,-0.00625,0.12,-0.000365,0.0010525,0.00023,1742089215.458218,user_1
-0.0125,0.00875,0.1225,7.75e-05,0.0013275,0.00029,0.04375,-0.0075,0.1125,-0.000565,0.0010975,-1.5e-05,1742089215.571819,user_1
-0.01125,0.0075,0.13125,0.0014500001,-0.0004425,1.5e-05,0.0425,-0.00625,0.1175,-7.75e-05,-0.00026,-0.00061,1742089215.686602,user_1
-0.0175,-0.00375,0.1725,0.0149525,0.00325,0.001235,0.04375,-0.005,0.11375,0.0009,-0.0007175,-0.00059500005,1742089215.79908,user_1
-0.00625,-0.00375,0.15125,0.0230875,0.033919998,0.0057825,0.04125,-0.00875,0.10625,0.0021675,-0.0048375,-0.000245,1742089215.9130392,user_1
0.00125,-0.03625,0.09125,0.0163875,0.0049274997,-0.0044250004,0.04625,-0.00625,0.1925,0.0084224995,0.020537501,0.001495,1742089216.028799,user_1
0.015,-0.00125,0.10375,-0.0095525,-0.006515,0.0010375,0.035,-0.0,0.12875,-0.0025025,-0.0079499995,-0.0022125002,1742089216.147229,user_1
0.005,0.01125,0.13,-0.0189525,-0.009675,-0.0016175,0.0425,-0.00125,0.115,0.00026,0.0074625,0.0021675,1742089216.255016,user_1
-0.0025,0.0075,0.14625,-0.011229999,-0.007095,-0.002685,0.045,-0.01125,0.1125,-0.002305,0.00059500005,-0.000565,1742089216.369248,user_1
-0.0075,0.0125,0.13125,-0.0019675,-0.001525,0.0001975,0.045,-0.005,0.11625,-0.0006725,0.00113,0.00023,1742089216.487684,user_1
-0.01125,0.00625,0.1475,0.005585,0.0007775,0.000625,0.04625,-0.00625,0.1125,-0.0001225,-0.0004125,-0.0008075,1742089216.596965,user_1
-0.00875,-0.00125,0.16125,0.0217275,0.01384,0.0068675,0.04625,-0.00375,0.1075,0.0016175,-0.002135,-0.00093,1742089216.710986,user_1
0.03125,0.00625,-0.07375,0.0022425,-0.00998,0.00473,0.04625,-0.01125,0.09625,0.00331,-0.0152125,-0.0010975,1742089216.825854,user_1
0.005,-0.03875,0.0925,-0.0066825,0.0036475,0.002135,0.0475,-0.0225,0.10125,-0.010162501,0.0025625,0.0025325,1742089216.9390368,user_1
0.0125,-0.01,0.10125,-0.019790001,-0.0033425,-0.0016625,0.03625,-0.01625,0.12875,-0.0021199998,0.004135,0.000275,1742089217.053555,user_1
0.0025,0.0025,0.13625,-0.0205075,-0.008865,-0.0030675002,0.045,-0.00125,0.1075,-0.00154,0.0016925,-0.0010525,1742089217.167204,user_1
-0.00375,0.02,0.145,-0.008895,-0.0036925,-7.75e-05,0.045,-0.00875,0.11875,-0.0005025,9.25e-05,0.0005025,1742089217.2868202,user_1
-0.005,0.01375,0.14,0.0022725,-0.0021525,-0.00093,0.04625,-0.00625,0.11125,0.00023,0.00177,-0.00033500002,1742089217.39504,user_1
-0.01125,0.005,0.17375,0.021285,0.001175,-0.0011900001,0.04625,-0.00625,0.11125,0.0012675,-0.0020899998,9.25e-05,1742089217.508987,user_1
0.005,-0.00375,0.13375,0.0272225,0.028305,-0.00113,0.045,-0.0075,0.105,0.0037850002,-0.006225,0.0006875,1742089217.6269078,user_1
0.00875,-0.0225,0.075,0.01265,-0.006225,-0.008117501,0.02875,-0.0125,0.2175,0.0027925,0.02327,0.0033875,1742089217.737082,user_1
0.015,-0.00625,0.0975,-0.014145001,-0.0047925,-0.00299,0.0425,0.00125,0.10875,0.0016625,-0.0005025,0.0013575,1742089217.851081,user_1
0.0025,0.0025,0.12625,-0.0210875,-0.0084525,-0.0048375,0.0425,-0.0075,0.1225,-0.0002125,-0.00026,-0.0007325,1742089217.966551,user_1
-0.01,-0.00375,0.155,-0.0033725,-0.0104225,-0.002685,0.04375,-0.0075,0.11375,-0.0010675,0.0013125,-0.0001525,1742089218.079226,user_1
-0.0075,0.00875,0.14125,0.0022274998,0.0028074998,0.0006875,0.04125,-0.0075,0.11625,-0.00113,0.000365,-0.00029,1742089218.192847,user_1
-0.01,-0.00125,0.16,0.0178525,0.0021675,0.00328,0.04375,-0.0075,0.11125,0.0010375,-0.00061,-0.00033500002,1742089218.306783,user_1
-0.01,-0.015,0.1475,0.031127501,0.023924999,0.0077049998,0.0425,-0.0075,0.09875,0.006165,-0.00769,0.0007175,1742089218.426934,user_1
-0.0075,-0.05125,0.0975,0.010255001,0.0059975,-0.00348,0.065,-0.02625,0.1675,0.00731,0.027755,0.0055075004,1742089218.534004,user_1
0.0025,-0.0175,0.10375,-0.012665,-0.003525,0.0004125,0.03375,-0.005,0.13,-0.00079250004,0.0001225,0.0007175,1742089218.647987,user_1
0.0075,0.00625,0.1275,-0.02028,-0.0025475,0.00029,0.03625,-0.01,0.11875,-0.0028525,0.0045925,-0.00091500004,1742089218.766086,user_1
-0.0,-0.0,0.1475,-0.01027,-0.0025475,-0.0004125,0.0425,-0.01125,0.11625,-0.00319,0.0025325,-0.0013275,1742089218.876132,user_1
0.00125,0.01875,0.12875,-0.00148,-0.00033500002,0.0010075001,0.045,-0.00875,0.1175,-0.0027474998,0.0044400003,-0.0007775,1742089218.989897,user_1
-0.00375,0.0075,0.1325,0.0036324998,-0.0030675002,0.00045750002,0.04875,-0.0025,0.10875,-0.00029,0.0019675,-0.0004275,1742089219.106552,user_1
-0.0025,0.0025,0.16625,0.01538,0.00508,0.0010525,0.05,-0.005,0.11,0.00113,-0.0007775,-4.5e-05,1742089219.218521,user_1
0.0025,-0.00375,0.145,0.0284725,0.0264275,0.0027,0.0475,-0.00875,0.1075,0.00322,-0.00389,0.000945,1742089219.330752,user_1
0.03125,0.00125,0.03875,0.0009925,-0.0031424998,-0.0019375,0.02125,0.005,0.215,0.00409,0.008315,0.0022274998,1742089219.448634,user_1
0.01125,-0.00375,0.1025,-0.0214375,-0.011735,0.0028525,0.03625,0.01,0.11875,-0.00026,-0.00325,-0.0009625,1742089219.557973,user_1
0.00625,0.015,0.13375,-0.0207975,-0.01422,-0.0043025,0.04375,-0.00875,0.12,-0.00122,0.002305,0.0001525,1742089219.671999,user_1
-0.01,0.00875,0.14875,-0.0065300004,-0.0072925,-0.0034625002,0.045,-0.00875,0.11625,-0.0021825,0.0016025,-0.00023,1742089219.7866838,user_1
-0.0025,0.02,0.13,-0.001435,0.002105,-0.0010975,0.04625,-0.00125,0.11375,-0.000855,0.0034625002,-0.0003975,1742089219.906934,user_1
-0.00625,0.01375,0.135,0.0047,-0.0013125,-0.00045750002,0.04875,-0.00375,0.11,0.0007475,-0.00048750002,-0.0007325,1742089220.013964,user_1
-0.0225,-0.00375,0.205,0.0296325,0.00528,0.0012975,0.05,-0.00625,0.11,0.0025625,-0.0019675,-0.00048750002,1742089220.127821,user_1
0.015,-0.00625,0.0525,0.02153,0.032057498,0.0073249997,0.0475,-0.01125,0.1,0.00499,-0.0083625,0.0004725,1742089220.24663,user_1
-0.00375,-0.0675,0.09,0.00612,-0.0107125,-0.0036,0.0525,-0.02375,0.08625,-0.003005,0.0013125,0.000825,1742089220.355068,user_1
0.00125,-0.01875,0.075,0.0066075,0.0077049998,-0.0015725,0.0375,-0.01,0.11375,-0.0015875,0.007935,-0.0001525,1742093370.520715,user_2
-0.00125,-0.02125,0.13,-0.0004425,-0.01825,-0.0027625,0.025,-0.01875,0.12,-0.0012675,0.00357,0.00125,1742093370.640386,user_2
-0.00625,-0.0275,0.15125,-0.0007325,-0.0046375,-0.00093,0.0275,-0.01,0.11875,-0.0013425,0.002715,0.0012825,1742093370.748739,user_2
-0.0075,-0.0325,0.16,0.0036475,0.0022574998,-0.0042575,0.03125,-0.01,0.11125,0.0009,0.0001375,0.0010225,1742093370.8625972,user_2
-0.01875,-0.0475,0.14625,0.010635001,0.0225075,0.0054175,0.0275,-0.0125,0.11625,0.0012675,-0.006745,0.0004125,1742093370.9802098,user_2
0.01375,-0.01625,0.06,0.013825,0.009415,-0.0007625,0.0425,0.005,0.13125,0.0099174995,0.0176075,-0.000535,1742093371.090428,user_2
-0.00375,-0.0275,0.115,0.0016175,-0.01921,-0.0037525,0.03,-0.00875,0.1225,-0.0008075,0.005265,0.001175,1742093371.204766,user_2
-0.01125,-0.02875,0.1425,-0.00612,-0.01059,-0.0040425,0.03625,-0.0075,0.1125,-0.00087,0.001495,0.000107500004,1742093371.323551,user_2
-0.01375,-0.0375,0.13875,-0.0030825,0.0002125,-0.0040749996,0.03875,-0.01,0.11625,3e-05,-0.00091500004,-0.0001825,1742093371.4327738,user_2
-0.0225,-0.0475,0.18,0.008850001,0.0075675,0.0010225,0.03625,-0.01,0.11375,0.0004125,-0.0018625,-7.75e-05,1742093371.546596,user_2
0.00125,-0.02,0.08125,0.00293,0.034424998,0.0030975002,0.03125,-0.015,0.10875,-0.00122,-0.0110925,0.000305,1742093371.660448,user_2
0.005,-0.02,0.0725,0.008042499,0.00059500005,-0.00093,0.03875,-0.0025,0.08875,0.0010225,-0.0034949998,-0.0016775,1742093371.7744908,user_2
-0.01125,-0.03625,0.12625,-0.01036,-0.011445,-0.0037225,0.0325,-0.01375,0.1275,-0.0002125,0.0042575,-0.0018150001,1742093371.888767,user_2
-0.0175,-0.03375,0.14125,-0.0063625,-0.0072325002,-0.0010225,0.04,-0.0075,0.1125,-0.0010075001,0.001235,-0.0004425,1742093372.002756,user_2
-0.0175,-0.03,0.1325,-0.0019824998,-0.001725,-0.000625,0.04,-0.01,0.115,0.0001825,-0.001235,0.00045750002,1742093372.119835,user_2
-0.0225,-0.04375,0.1625,0.0075525,0.0074,0.0010375,0.0375,-0.01,0.1125,0.0010225,-0.0033425,0.00093,1742093372.230449,user_2
-0.005,-0.02625,0.11,0.00702,0.02774,0.0056149997,0.03125,-0.01125,0.12,-0.00113,-0.0110775,0.0008075,1742093372.344577,user_2
0.0075,-0.03125,0.07375,0.0049125,0.0063925,-0.0007625,0.0375,-0.01375,0.1,0.0040749996,0.0016775,-0.002045,1742093372.460598,user_2
-0.00875,-0.035,0.11625,-0.0019525,-0.0157475,-0.0022725,0.03,-0.0075,0.1275,-0.0007775,0.005935,-0.0001375,1742093372.572648,user_2
-0.02,-0.02875,0.1525,-0.00016750001,-0.010895001,-0.0020150002,0.04,-0.00375,0.11,-0.00122,0.0021825,-0.0006875,1742093372.686759,user_2
-0.02125,-0.04,0.16,0.004135,0.0043325,-0.0001525,0.0375,-0.0075,0.11625,0.0006875,-0.0028225,0.0003825,1742093372.802749,user_2
-0.02,-0.0275,0.14375,0.0056,0.030547502,0.0037375,0.0375,-0.00375,0.1125,1.5e-05,-0.0054025003,6e-05,1742093372.920754,user_2
0.0075,0.0075,0.05,0.0042275,0.0154725,-0.001175,0.05875,-0.00375,0.125,0.0072175004,0.0255425,0.0012975,1742093373.028325,user_2
0.0025,-0.03125,0.09875,-0.0022725,-0.02716,0.0019225,0.03125,-0.00375,0.13125,0.00087,-0.0007175,0.00035,1742093373.141541,user_2
-0.02125,-0.0175,0.15,0.0021975,-0.0178825,-0.0028074998,0.0375,-0.00125,0.11375,-0.0002125,0.0013725,0.00061,1742093373.261544,user_2
-0.02,-0.0425,0.1525,0.003875,0.001405,-0.0010825,0.035,-0.005,0.11625,0.0010075001,-0.0027,0.0001225,1742093373.369566,user_2
-0.035,-0.0425,0.17625,0.017135,0.0186,0.010085,0.03375,-0.00375,0.10875,0.002075,-0.0059499997,0.0006725,1742093373.483572,user_2
-0.0025,0.03625,0.05875,-0.00801,-0.0012675,-0.005645,-0.015,-0.01375,0.265,-0.0110025,0.024780001,0.00328,1742093373.600942,user_2
0.0025,-0.025,0.08875,-0.01291,-0.0152125,-0.0013725,0.02625,-0.00625,0.12125,0.0001975,-0.000945,0.0009625,1742093373.711666,user_2
-0.01,-0.0225,0.1325,-0.0089724995,-0.0114125,-0.00389,0.03375,-0.00375,0.11625,0.0004425,0.0021675,3e-05,1742093373.8256278,user_2
-0.015,-0.0325,0.14875,-0.000885,-0.0036925,-0.0037850002,0.0325,-0.0075,0.11625,0.0013575,-0.00023,-0.00032,1742093373.939747,user_2
-0.02375,-0.04625,0.17,0.00908,0.0065625,0.0030975002,0.0325,-0.00625,0.115,0.00091500004,-0.0027474998,-0.00026,1742093374.053488,user_2
0.01,0.00375,0.005,-0.00091500004,0.0137625,0.0012975,0.03125,-0.015,0.11125,-0.0022574998,-0.01291,0.0018,1742093374.167358,user_2
0.00875,-0.02125,0.065,-0.0030825,0.0061500003,-0.0009,0.03,-0.01,0.09,-0.000655,0.000365,0.0,1742093374.281654,user_2
-0.01625,-0.03,0.14,-0.004195,-0.016479999,-0.001525,0.03,-0.00875,0.1225,0.00026,0.004165,-0.00113,1742093374.400637,user_2
-0.0175,-0.03625,0.1425,-0.0004275,-0.007095,-7.75e-05,0.035,-0.00625,0.1175,-0.0010825,0.0008075,-0.0007625,1742093374.509671,user_2
-0.025,-0.03625,0.15125,0.002305,0.0034475,-0.00122,0.035,-0.00625,0.1175,0.0030825,0.0010375,0.00116,1742093374.623454,user_2
-0.0275,-0.03125,0.1725,0.01274,0.022950001,0.005235,0.03375,-0.01,0.11375,0.0013575,-0.0050500003,0.0021825,1742093374.740196,user_2
0.0125,0.01375,0.0575,0.0054025003,0.011445,0.0025775002,0.02875,0.0325,0.20375,-0.009430001,0.0304575,0.0020150002,1742093374.851152,user_2
0.00375,-0.0225,0.085,-0.0077199996,-0.017930001,-0.0001825,0.02875,-0.01,0.11625,0.000655,-0.0050975,0.00016750001,1742093374.964664,user_2
-0.01125,-0.0325,0.13875,-0.0059975,-0.0137475,-0.0050500003,0.035,-0.0025,0.1175,-0.0004125,0.00055,-0.0007625,1742093375.080967,user_2
-0.0125,-0.04375,0.14,-0.0020299999,-0.0047750003,-0.0020299999,0.03375,-0.00875,0.11875,0.0001525,-0.0016775,-0.0018775001,1742093375.192692,user_2
-0.02375,-0.035,0.16,0.0036775,0.007005,-0.00064,0.03125,-0.00625,0.11625,0.0010675,-0.0010375,-0.0004125,1742093375.306551,user_2
0.015,-0.00875,-0.005,-0.0110925,0.018860001,0.0057825,0.03,-0.01125,0.09625,-0.00055,-0.017655,-0.0004125,1742093375.420813,user_2
0.00625,-0.02625,0.06,0.00496,-0.001175,-0.000565,0.02125,-0.00375,0.0825,0.0025175,-0.0024100002,-0.00174,1742093375.5401442,user_2
-0.02125,-0.02375,0.13375,-0.0101925,-0.0117175,-0.0048375,0.02125,-0.0125,0.13125,0.001175,0.0066075,-0.0016175,1742093375.648664,user_2
-0.025,-0.02125,0.15125,-0.0009625,-0.0057375003,-0.0033275,0.03,-0.0075,0.11625,-0.0008075,0.0001975,-0.0009625,1742093375.762665,user_2
-0.025,-0.03875,0.13375,0.00116,-0.0059499997,-0.0061025,0.0275,-0.00625,0.12375,0.001525,-0.001495,-4.5e-05,1742093375.8815758,user_2
-0.0475,-0.04875,0.18375,0.0101175,0.0275275,0.011155,0.02875,-0.00625,0.10625,0.00116,-0.0031575,-0.00079250004,1742093375.990458,user_2
-0.00375,0.05,0.065,-0.0037075,0.0007625,-0.00644,0.0525,0.03625,0.19,-0.0101325,0.0262,0.00058,1742093376.104605,user_2
-0.02125,-0.035,0.13625,-0.0099475,-0.016327498,-0.0016325001,0.00875,-0.0075,0.1425,0.001525,-0.004365,0.0006875,1742093376.220762,user_2
-0.015,-0.02375,0.125,-0.0040275003,-0.004745,-0.00045750002,0.0225,-0.005,0.11875,-0.000275,0.0046375,-0.000535,1742093376.332715,user_2
-0.02,-0.0225,0.1325,0.0010225,-0.005265,-0.0028525,0.02375,-0.01125,0.1225,-0.0007775,0.0019675,-0.0007625,1742093376.446431,user_2
-0.025,-0.0325,0.14125,0.0047750003,0.00142,-0.000825,0.0275,-0.0075,0.11625,0.0012825,0.0010525,0.0001825,1742093376.561558,user_2
-0.0325,-0.05,0.185,0.0072025,0.035735,0.009675,0.02875,-0.015,0.08125,-0.0028225,-0.02028,0.000885,1742093376.680706,user_2
-0.00375,-0.04625,0.07625,0.0066225,0.0125725,0.0028375,0.02,-0.00125,0.095,0.003815,0.0021525,0.0007025,1742093376.788456,user_2
-0.02,-0.0325,0.12,0.0001825,-0.016205,-0.0051875,0.01125,-0.0125,0.1525,-0.00016750001,0.0131075,0.0001525,1742093376.902548,user_2
-0.02375,-0.03625,0.13625,-0.0036775,-0.0027625,-0.005265,0.03,-0.00625,0.11125,-0.003235,0.0034325,-0.000945,1742093377.0213969,user_2
-0.0275,-0.045,0.14125,0.0016475001,-0.000365,-0.00033500002,0.0325,-0.01,0.1125,0.0007775,0.0010075001,0.00033500002,1742093377.13056,user_2
-0.0375,-0.04625,0.1625,0.01007,0.0307475,0.013182499,0.035,-0.0075,0.09,0.0027925,-0.013625,-0.0013275,1742093377.2443662,user_2
0.00125,-0.0475,0.07375,0.0172875,0.0121925,0.0055225003,0.03125,-0.0225,0.11375,0.0122975,0.00946,0.00177,1742093377.360428,user_2
-0.01,-0.045,0.0975,0.013564999,-0.01535,0.00525,0.01125,-0.02375,0.15125,0.0007475,0.0083,-0.0012975,1742093377.472383,user_2
-0.0225,-0.03625,0.1375,-0.0095525,-0.0076599997,-0.004485,0.03625,-0.0075,0.105,-0.0032650002,0.00586,0.00061,1742093377.586601,user_2
-0.0225,-0.0475,0.1325,-0.0031275,-0.0047750003,-0.0036925,0.03625,-0.01125,0.11625,0.000825,0.0001825,0.0011900001,1742093377.700913,user_2
-0.03875,-0.05,0.1725,0.0019225,0.0081475,0.00154,0.0325,-0.01,0.11375,0.0001225,-0.0016475001,0.0001525,1742093377.81439,user_2
-0.00125,-0.0025,0.01375,-0.0087425,0.01477,0.003175,0.0325,-0.01375,0.10375,-0.001465,-0.0173025,0.00059500005,1742093377.9283562,user_2
0.00125,-0.0275,0.0675,0.0062875,0.0056775,0.0051574996,0.02375,-0.00625,0.07875,-0.002395,0.0022274998,-0.00032,1742093378.042155,user_2
-0.0225,-0.02,0.11875,-0.010832501,-0.0115825,-0.00673,0.02125,-0.01,0.145,0.00235,0.0065,0.002105,1742093378.161275,user_2
-0.03375,-0.025,0.14,-0.0029449998,-0.0128175,-0.004165,0.03375,-0.0075,0.11375,-0.001755,0.0019375,-0.0015575,1742093378.269572,user_2
-0.03375,-0.03125,0.14125,0.00035,0.00052,-0.002305,0.03375,-0.00875,0.11625,-0.00032,-0.0010525,-0.000245,1742093378.3833668,user_2
-0.0525,-0.04125,0.1825,0.0110025,0.0216975,0.004395,0.03125,-0.0075,0.10875,0.00154,-0.0031424998,0.00059500005,1742093378.501565,user_2
-0.0125,0.03625,0.07625,-0.026275,-0.035735,-0.0117025,-0.04375,-0.03375,0.27,-0.00975,-0.0181125,0.0001825,1742093378.611445,user_2
-0.01,-0.0125,0.1025,0.006455,-0.0019075,0.0060125,0.01875,-0.00375,0.105,-0.0030825,-0.0078425,0.0002125,1742093378.725382,user_2
-0.02,-0.0175,0.11625,-0.00534,-0.0148175005,-0.0066374997,0.02375,-0.0,0.1275,0.0025325,0.01245,0.000655,1742093378.8461912,user_2
-0.03,-0.02625,0.1375,-0.00319,-0.0037525,-0.00125,0.02875,-0.01,0.11375,-0.001465,0.000565,-0.0019375,1742093378.953599,user_2
-0.04375,-0.0375,0.1625,0.005035,0.004745,-0.0013425,0.03,-0.0075,0.11875,0.0010825,-0.00091500004,0.0007475,1742093379.0673852,user_2
-0.01,-0.02,0.065,0.0036475,0.0411225,0.0098275,0.02875,-0.01375,0.0975,-0.002885,-0.013915,-0.001525,1742093379.1819148,user_2
-0.01125,-0.03625,0.08875,0.0114750005,0.006255,0.003845,0.01625,-0.0125,0.0875,-0.0050500003,-0.00351,-0.0021525,1742093379.2953432,user_2
-0.02125,-0.015,0.0975,-0.0063175,-0.015075,-0.003905,0.01125,-0.0025,0.15,0.00177,0.010605,0.0047750003,1742093379.409576,user_2
-0.03875,-0.0125,0.13875,-0.0036175,-0.0096275,-0.0036624998,0.03,-0.00625,0.11125,-0.00023,0.0054475004,-0.0006875,1742093379.523558,user_2
-0.0425,-0.025,0.14625,-0.0040599997,-0.00177,-0.0061950004,0.03125,-0.00375,0.1175,-0.000107500004,-0.0010825,0.00151,1742093379.642421,user_2
-0.05375,-0.05375,0.1775,0.014435001,0.0243525,0.010284999,0.02875,-0.0025,0.11375,0.001525,-0.001725,0.00125,1742093379.751277,user_2
0.00375,0.025,0.0575,-0.010284999,-0.00708,-0.00554,-0.0175,-0.02125,0.23625,-0.015717499,0.0102075,0.0034475,1742093379.865489,user_2
-0.01875,-0.01625,0.095,-0.0072325002,-0.01538,-0.00264,0.0225,-0.00125,0.11125,-0.002075,-0.0133825,0.0018775001,1742093379.982485,user_2
-0.03375,-0.0275,0.1375,-0.003845,-0.010255001,-0.00409,0.03,0.00125,0.12,0.0016925,0.009155,-0.0003825,1742093380.093606,user_2
-0.045,-0.025,0.14375,0.0034949998,-0.0069724997,-0.00177,0.0325,-0.005,0.115,-0.00045750002,-0.00116,-0.00064,1742093380.2074711,user_2
-0.0575,-0.0425,0.17625,0.0137625,0.024445,0.01181,0.02875,-0.00375,0.11,0.001525,-0.0030675002,-9.25e-05,1742093380.325415,user_2
-0.0125,0.04125,0.07875,-0.00917,-0.0036475,-0.0096424995,-0.025,-0.01,0.2575,-0.00331,0.0040599997,-0.0013425,1742093380.442674,user_2
-0.025,-0.0175,0.1,-0.0120075,-0.0116275,-0.0061350004,0.02,0.0125,0.11625,-0.005295,-0.00917,0.0006725,1742093380.549511,user_2
-0.0325,-0.03875,0.125,-0.006775,-0.00325,0.00032,0.025,-0.00125,0.12375,0.0006875,0.01146,-0.0009,1742093380.663488,user_2
-0.0425,-0.02875,0.14375,0.00148,-0.0046375,-0.000245,0.0325,-0.0025,0.11375,-0.000655,0.0020899998,-0.000855,1742093380.78419,user_2
-0.0525,-0.055,0.1775,0.0135200005,0.022645,0.009505,0.03375,-0.00875,0.10875,0.00154,-0.0018775001,0.000565,1742093380.891365,user_2
0.0225,0.01625,0.00375,-0.031495,-0.032287497,-0.0110625,0.01375,-0.01875,0.18125,-0.0034949998,-0.0166775,-0.0001375,1742093381.005415,user_2
-0.01375,-0.0175,0.08875,-0.00058,-0.0107875,0.0018150001,0.02625,0.0075,0.1,-0.0034025,-0.0109250005,-0.0004125,1742093381.121931,user_2
-0.03375,-0.03375,0.11,-0.0119325,-0.0115825,-0.0047150003,0.03,-0.005,0.1275,0.002075,0.0119624995,-0.0001375,1742093381.2335029,user_2
-0.06375,-0.0375,0.155,-0.00048750002,-0.008865,-0.00435,0.035,-0.00125,0.11625,-0.000535,0.001405,-0.00033500002,1742093381.347608,user_2
-0.06625,-0.0325,0.17,0.008529999,0.017045,0.0064250003,0.035,-0.00375,0.10875,0.0019675,-0.00229,6e-05,1742093381.4622238,user_2
0.02375,-0.01875,-0.0625,-0.024215,-0.0006875,-0.0002125,0.03375,-0.005,0.11125,-1.5e-05,-0.0195775,-0.000885,1742093381.582556,user_2
-0.01,-0.0175,0.0775,0.0104674995,-0.0139,0.0034949998,0.02875,0.00375,0.08125,-0.0048674997,-0.00467,-0.0013125,1742093381.6893,user_2
-0.0425,-0.0325,0.12375,-0.009262499,-0.013215,-0.01039,0.0325,-0.0025,0.1225,0.00142,0.013825,0.0007775,1742093381.805299,user_2
-0.06,-0.04125,0.1375,-0.0063475,0.000305,-0.0095375,0.0375,-0.00375,0.11125,-0.0012975,-0.0007775,-0.00079250004,1742093381.923248,user_2
-0.0675,-0.04375,0.17125,0.00949,0.0125725,0.000855,0.035,-0.00125,0.11625,0.0016475001,-0.0015725,0.0009925,1742093382.03133,user_2
-0.00625,-0.00875,0.02625,-0.0043175,0.033982497,0.0068675,0.03375,-0.00625,0.11,-0.0020299999,-0.016327498,-0.0010075001,1742093382.145262,user_2
-0.0125,-0.02125,0.06875,0.012115,-0.0116425,0.0019675,0.0275,-0.005,0.08625,-0.0011900001,-0.0022125002,-0.0001375,1742093382.263347,user_2
-0.04125,-0.02375,0.12625,-0.0075675,-0.01065,-0.0044250004,0.02625,-0.00125,0.13,0.00125,0.008407501,0.000245,1742093382.373487,user_2
-0.05125,-0.0175,0.1325,-0.0025775002,-0.0054175,-0.0010075001,0.03625,-0.00375,0.1125,-0.000945,0.00319,-0.0013425,1742093382.487496,user_2
-0.06,-0.03,0.155,0.006745,-0.00048750002,-0.0001225,0.03625,-0.00375,0.115,0.00079250004,-0.0006875,0.00058,1742093382.602793,user_2
-0.04125,-0.02875,0.135,0.0068675,0.042632498,0.0089425,0.0325,-0.0075,0.10875,0.0011900001,-0.005325,0.00016750001,1742093382.72243,user_2
0.0,-0.025,0.05875,0.01892,0.008545,0.0015725,0.06125,0.00625,0.1425,0.0028525,0.0240625,-0.00232,1742093382.8291252,user_2
-0.03125,-0.01,0.1125,-0.0078275,-0.01535,-0.0059975,0.0275,-0.00375,0.13875,0.0,4.5e-05,0.0009625,1742093382.943659,user_2
-0.045,-0.025,0.1425,-0.0045025,-0.0116275,-0.00299,0.0375,0.0,0.11125,-0.0015725,0.0025475,-0.0019075,1742093383.062228,user_2
-0.05625,-0.035,0.155,0.003175,0.0016325001,-0.0007175,0.03625,-0.0025,0.1175,0.0012975,-0.0019675,0.00035,1742093383.171283,user_2
-0.0575,-0.025,0.16375,0.021195,0.0249325,0.0114750005,0.0325,-0.005,0.115,0.0007475,-0.0031275,-0.000107500004,1742093383.285195,user_2
0.0125,0.0475,0.04,-0.01039,-4.5e-05,-0.0015875,-0.0075,-0.0125,0.20875,0.00389,0.0089875,-0.0013425,1742093383.4030552,user_2
-0.01625,-0.0175,0.10375,-0.01349,-0.0263525,-0.003585,0.0325,-0.005,0.10875,-0.0039224997,-0.00673,0.0004725,1742093383.513489,user_2
-0.02875,-0.03375,0.135,-0.01387,-0.0116275,-0.0053875,0.0375,0.0025,0.1175,-0.0001975,0.0031575,0.00023,1742093383.627551,user_2
-0.0375,-0.02625,0.14375,-0.0032650002,-0.0036324998,-0.0013275,0.04,-0.01,0.11625,-0.0007475,1.5e-05,-0.001235,1742093383.74277,user_2
-0.0425,-0.03,0.15125,0.0081625,0.0086375,0.00473,0.0375,-0.0025,0.1175,0.0007175,-0.000825,0.0004125,1742093383.861852,user_2
-0.025,-0.04625,0.13875,0.0143125,0.04448,0.0133825,0.03625,-0.005,0.115,0.0009775,-0.00502,-0.0005025,1742093383.969288,user_2
0.01125,-0.04625,0.04375,0.01918,-0.0018775001,0.00357,0.0575,-0.0125,0.0975,0.0106975,0.016280001,0.0001375,1742093384.083149,user_2
-0.0275,-0.03,0.1225,-0.0078575,-0.019195,-0.004485,0.0325,-0.01125,0.13375,-0.0015875,-0.00351,-0.00091500004,1742093384.202097,user_2
-0.035,-0.0325,0.14625,-0.013885,-0.005325,-0.00685,0.04375,-0.00125,0.11625,-0.0007175,0.0014500001,-0.000655,1742093384.311532,user_2
-0.0425,-0.03375,0.14875,0.0025775002,0.0016775,-0.0018625,0.04125,-0.01,0.11375,0.0004275,-0.00113,0.00026,1742093384.425299,user_2
-0.04125,-0.05125,0.1525,0.0118875,0.024155,0.0080875,0.04125,-0.00625,0.1125,0.001465,-0.003175,0.000107500004,1742093384.543376,user_2
0.00625,0.0325,0.02375,-0.0290075,-0.027725,-0.0066975,0.0175,-0.005,0.1425,0.0007475,-0.01805,0.00235,1742093384.653213,user_2
-0.005,-0.02875,0.07875,-0.0125725,-0.0204475,-0.0030525,0.0325,0.0025,0.1075,-0.0058449996,0.0018925001,-0.0004425,1742093384.767422,user_2
-0.0325,-0.0225,0.135,-0.0106975,-0.016097499,-0.0050500003,0.04,-0.00375,0.115,0.00116,0.003845,-0.0003825,1742093384.883258,user_2
-0.045,-0.03125,0.14625,0.0007475,-0.0045925,-0.001495,0.04125,-0.005,0.11375,0.0001825,0.0001975,-0.0007025,1742093385.003577,user_2
-0.05125,-0.03625,0.1575,0.0069575,0.0065450002,0.0048825,0.04,-0.005,0.11625,0.0007775,-0.001235,0.00029,1742093385.109262,user_2
-0.02375,-0.00625,0.105,0.00859,0.038575,0.0158075,0.03625,-0.00875,0.1125,0.00059500005,-0.0078724995,0.0001225,1742093385.223254,user_2
0.00625,-0.02625,0.045,0.0157325,0.00232,-0.004135,0.0525,-0.01125,0.09,0.003585,0.0069724997,0.0013425,1742093385.337153,user_2
-0.0425,-0.02125,0.12875,-0.009705,-0.022995,-0.0044549997,0.03375,-0.01125,0.1325,-0.001405,0.0020150002,-0.0018775001,1742093385.451435,user_2
-0.0525,-0.03625,0.17125,-0.0060875,-0.0012675,-0.0029749998,0.0425,-0.0025,0.11,-0.0012050001,0.0013875001,-0.0009775,1742093385.565451,user_2
-0.04125,-0.03625,0.155,0.0065300004,0.00978,0.0046075,0.04375,-0.00625,0.10875,0.00125,-0.0015725,-7.75e-05,1742093385.682917,user_2
-0.0225,-0.02125,0.11,0.01059,0.035905,0.010314999,0.03875,-0.0075,0.10875,0.00125,-0.009705,0.000275,1742093385.79314,user_2
0.005,-0.02625,0.055,0.01303,0.0166625,0.0012825,0.04375,-0.01625,0.1175,0.0046375,0.0040599997,-0.0001825,1742093385.907202,user_2
-0.025,-0.04125,0.1375,-0.013854999,-0.01715,-0.0038299998,0.0275,-0.00875,0.13125,0.000885,0.0036324998,-0.000245,1742093386.022851,user_2
-0.02625,-0.0375,0.1375,-0.0051125004,-0.0031125,-0.0013575,0.0375,-0.00625,0.11625,-0.000885,0.001175,-0.00052,1742093386.143741,user_2
-0.03125,-0.02,0.14,0.0001525,6e-05,0.002075,0.03625,-0.00625,0.1175,0.00029,0.000885,-0.00026,1742093386.2491362,user_2
-0.055,-0.025,0.18875,0.01744,0.018004999,0.008712499,0.03625,-0.01,0.11125,0.001115,-0.002395,-0.0001825,1742093386.3631868,user_2
0.01375,0.03125,0.0,-0.024705,-0.027129998,-0.00612,0.015,-0.01625,0.16625,-0.000825,-0.00566,0.0009625,1742093386.482165,user_2
-0.0075,-0.005,0.0825,-0.018889999,-0.01419,-0.0087425,0.0375,0.00125,0.0925,-0.0037525,-0.00331,0.000275,1742093386.591472,user_2
-0.04,-0.00625,0.13,-0.009185,-0.0158375,-0.0060725003,0.03625,-0.0075,0.12125,0.001725,0.0039525,0.00059500005,1742093386.705334,user_2
-0.045,-0.0225,0.14,-0.0027625,-0.00792,0.00059500005,0.03875,-0.0075,0.11625,-0.0007625,-0.00059500005,-0.0016025,1742093386.826185,user_2
-0.05125,-0.02375,0.1725,0.00557,0.0087275,0.0010975,0.0375,-0.0075,0.11625,0.0006725,-0.0003825,-0.0001375,1742093386.9330392,user_2
-0.0275,-0.00875,0.10125,0.0129700005,0.0420225,0.0098275,0.0325,-0.00875,0.10875,-0.0004125,-0.010865,0.0010525,1742093387.047134,user_2
-0.01125,-0.04125,0.07125,-0.0018300001,0.0133825,0.0018925001,0.045,-0.0225,0.1,0.0010975,0.0048225,0.000825,1742093387.163108,user_2
-0.0275,-0.00875,0.1125,-0.012725,-0.01085,-0.0039375,0.0225,-0.0075,0.1375,0.0010225,-0.00045750002,-0.001175,1742093387.27532,user_2
-0.02625,-0.02,0.1475,-0.0062725,-0.0054625003,-0.0010075001,0.03625,-0.005,0.115,-0.0009775,0.005295,-0.0018150001,1742093387.389293,user_2
-0.0275,-0.025,0.15125,0.005265,0.0030675002,0.0013425,0.03625,-0.0125,0.11875,-0.00035,-0.00087,-0.000535,1742093387.503136,user_2
-0.04875,-0.035,0.17,0.020645,0.028275,0.009705,0.03375,-0.00625,0.115,0.000825,-0.0004425,-0.000107500004,1742093387.62214,user_2
