timestamp,prediction
1742312084.356061,v
1742312084.925041,e
1742312085.4948149,t
1742312086.063963,t
1742312086.633919,t
1742312087.2037828,t
1742312087.773607,y
1742312088.343019,y
1742312088.9146209,y
1742312089.482801,y
1742312090.0549939,y
1742312090.6216562,t
1742312091.1886551,t
1742312091.758765,t
1742312092.328778,p
1742312092.898776,k
1742312093.4688718,k
1742312094.038343,k
1742312094.605346,k
1742312095.178787,k
1742312095.7423308,k
1742312096.314796,k
1742312096.8805811,k
1742312097.455266,k
1742312098.019659,k
1742312098.5892868,l
1742312099.159474,l
1742312099.735491,l
1742312100.299385,l
1742312100.869333,k
1742312101.440313,l
1742312102.009095,a
1742312102.579072,s
1742312103.1490922,w
1742312103.719054,w
1742312104.288085,i
1742312104.858021,i
1742312105.427949,i
1742312105.997828,i
1742312106.5659258,i
1742312107.137625,w
1742312107.703979,w
1742312108.27717,a
1742312108.843909,x
1742312109.4186811,z
1742312109.9838111,z
1742312110.5575948,x
1742312111.123706,z
1742312111.6972458,x
1742312112.265546,x
1742312112.837256,x
1742312113.4055371,x
1742312113.977073,x
1742312114.558484,x
1742312115.116853,v
1742312115.6854799,v
1742312116.256067,v
1742312116.8255901,v
1742312117.395328,v
1742312117.965446,v
1742312118.5352771,n
1742312119.105289,n
1742312119.675199,n
1742312120.2452722,n
1742312120.8153212,n
1742312121.385281,n
1742312121.954868,m
1742312122.523233,d
1742312123.094768,d
1742312123.663143,d
1742312124.235104,d
1742312124.803092,d
1742312125.376535,d
1742312125.943987,d
1742312126.516706,d
1742312127.084,d
1742312127.6579058,d
1742312128.223828,f
1742312128.799137,f
1742312129.362944,f
1742312129.941292,f
1742312130.502709,f
1742312131.0826461,f
1742312131.6432068,f
1742312132.225184,f
1742312132.782634,j
1742312133.3681622,f
1742312133.922415,h
1742312134.50601,h
1742312135.0676732,h
1742312135.6481652,h
1742312136.205863,h
1742312136.769134,h
1742312137.346747,h
1742312137.909986,h
1742312138.4864352,r
1742312139.0476851,r
1742312139.626247,r
1742312140.1850681,r
1742312140.762439,h
1742312141.3233678,h
1742312141.901108,h
1742312142.461834,h
1742312143.043885,h
1742312143.600964,h
1742312144.179882,e
1742312144.74103,r
1742312145.318308,e
1742312145.880803,h
1742312146.449922,c
1742312147.018474,c
1742312147.586692,c
1742312148.156225,c
1742312148.7246568,c
1742312149.295518,c
1742312149.86252,c
1742312150.436022,c
1742312150.9983191,c
1742312151.575575,c
1742312152.1385431,c
1742312152.7116868,c
1742312153.278396,c
1742312153.852523,c
1742312154.4171112,c
1742312154.98642,i
1742312155.5563278,j
1742312156.126297,j
1742312156.697248,j
1742312157.266279,j
1742312157.836022,j
1742312158.4050329,r
1742312158.9751549,r
1742312159.545315,r
1742312160.118882,j
1742312160.685005,j
1742312161.256555,j
1742312161.824985,j
1742312162.3971,j
1742312162.9628959,e
1742312163.539704,t
1742312164.099818,t
1742312164.676533,t
1742312165.239671,t
1742312165.817229,t
1742312166.37962,t
1742312166.949562,t
1742312167.519754,t
1742312168.093889,t
1742312168.657343,t
1742312169.226465,t
1742312169.796602,t
1742312170.3665879,t
1742312170.9353979,i
1742312171.505261,w
1742312172.073306,w
1742312172.640202,w
1742312173.211953,w
1742312173.780221,w
1742312174.35216,i
1742312174.919198,i
1742312175.49229,i
1742312176.057956,i
1742312176.626255,i
1742312177.195911,i
