timestamp,prediction,key
1742312084.925041,e,E
1742312086.063963,t,T
1742312086.633919,t,T
1742312087.2037828,t,T
1742312088.343019,y,Y
1742312088.9146209,y,Y
1742312089.482801,y,Y
1742312090.0549939,y,Y
1742312091.1886551,t,T
1742312091.758765,t,T
1742312093.4688718,k,K
1742312094.038343,k,K
1742312094.605346,k,K
1742312095.178787,k,K
1742312095.7423308,k,K
1742312096.314796,k,K
1742312096.8805811,k,K
1742312097.455266,k,K
1742312098.019659,k,K
1742312099.159474,l,L
1742312099.735491,l,L
1742312100.299385,l,L
1742312101.440313,l,L
1742312103.719054,w,W
1742312104.858021,i,Q
1742312105.427949,i,Q
1742312105.997828,i,Q
1742312106.5659258,i,Q
1742312107.703979,w,W
1742312109.9838111,z,Z
1742312111.123706,z,Z
1742312112.265546,x,X
1742312112.837256,x,X
1742312113.4055371,x,X
1742312113.977073,x,X
1742312114.558484,x,X
1742312115.6854799,v,V
1742312116.256067,v,V
1742312116.8255901,v,V
1742312117.395328,v,V
1742312117.965446,v,V
1742312119.105289,n,N
1742312119.675199,n,N
1742312120.2452722,n,N
1742312120.8153212,n,N
1742312121.385281,n,N
1742312123.094768,d,D
1742312123.663143,d,D
1742312124.235104,d,D
1742312124.803092,d,D
1742312125.376535,d,D
1742312125.943987,d,D
1742312126.516706,d,D
1742312127.084,d,D
1742312127.6579058,d,D
1742312128.799137,f,F
1742312129.362944,f,F
1742312129.941292,f,F
1742312130.502709,f,F
1742312131.0826461,f,F
1742312131.6432068,f,F
1742312132.225184,f,F
1742312133.3681622,f,F
1742312134.50601,h,H
1742312138.4864352,r,R
1742312141.3233678,h,H
1742312144.179882,e,E
1742312147.586692,c,C
1742312156.126297,j,J
1742312158.4050329,r,R
1742312160.685005,j,J
1742312162.9628959,e,E
1742312164.099818,t,T
1742312164.676533,t,T
1742312165.239671,t,T
1742312165.817229,t,T
1742312166.37962,t,T
1742312166.949562,t,T
1742312167.519754,t,T
1742312168.093889,t,T
1742312168.657343,t,T
1742312169.226465,t,T
1742312169.796602,t,T
1742312170.3665879,t,T
1742312172.073306,w,W
1742312172.640202,w,W
1742312173.211953,w,W
1742312173.780221,w,W
1742312174.919198,i,Q
1742312175.49229,i,Q
1742312176.057956,i,Q
1742312176.626255,i,Q
1742312177.195911,i,Q
